type,subject,bar,cohort1,cohort2,score
real,4,3,645,1400,0.8343905128832961
real,4,3,645,2500,0.7684504129922095
real,4,3,1400,2500,0.77589749368614
