type,subject,bar,cohort1,cohort2,score
random,1,3,645,1400,0.7689721855936194
random,1,3,645,2500,0.7547324398450893
random,1,3,1400,2500,0.7416499990636157
